date,festival,iso_year,iso_week
2024-01-15,thai_pongal,2024,3
2024-04-13,new_year,2024,15
2024-05-23,vesak,2024,21
2024-06-21,poson,2024,25
2024-08-19,esala,2024,34
2024-10-31,deepavali,2024,44
2024-12-25,christmas,2024,52
2025-01-14,thai_pongal,2025,3
2025-04-14,new_year,2025,16
2025-05-12,vesak,2025,20
2025-06-10,poson,2025,24
2025-08-08,esala,2025,32
2025-10-20,deepavali,2025,43
2025-12-25,christmas,2025,52
2026-01-15,thai_pongal,2026,3
2026-04-13,new_year,2026,16
2026-05-01,vesak,2026,18
2026-05-30,poson,2026,22
