row_id,depot,brand,iso_year,iso_week,pred_total_volume_m3,pred_chilled_volume_m3,week_start,festivals,op_days,ramp_sum
W0000,Kandy,Fresh,2026,14,551.13,205.38,2026-03-30,0,6,0.30000000000000004
W0001,Kandy,Style,2026,14,83.36,0.0,2026-03-30,0,6,0.30000000000000004
W0002,Kandy,Tech,2026,14,27.32,0.0,2026-03-30,0,6,0.30000000000000004
W0003,Peliyagoda,Fresh,2026,14,1098.18,400.06,2026-03-30,0,6,0.30000000000000004
W0004,Peliyagoda,Style,2026,14,144.25,0.0,2026-03-30,0,6,0.30000000000000004
W0005,Peliyagoda,Tech,2026,14,44.05,0.0,2026-03-30,0,6,0.30000000000000004
W0006,Kandy,Fresh,2026,15,754.65,278.0,2026-04-06,0,6,4.2
W0007,Kandy,Style,2026,15,128.3,0.0,2026-04-06,0,6,4.2
W0008,Kandy,Tech,2026,15,15.79,0.0,2026-04-06,0,6,4.2
W0009,Peliyagoda,Fresh,2026,15,1448.3,521.9,2026-04-06,0,6,4.2
W0010,Peliyagoda,Style,2026,15,233.35,0.0,2026-04-06,0,6,4.2
W0011,Peliyagoda,Tech,2026,15,41.01,0.0,2026-04-06,0,6,4.2
W0012,Kandy,Fresh,2026,16,309.46,142.95,2026-04-13,1,4,1.0
W0013,Kandy,Style,2026,16,24.34,0.0,2026-04-13,1,4,1.0
W0014,Kandy,Tech,2026,16,18.27,0.0,2026-04-13,1,4,1.0
W0015,Peliyagoda,Fresh,2026,16,561.97,280.7,2026-04-13,1,4,1.0
W0016,Peliyagoda,Style,2026,16,87.03,0.0,2026-04-13,1,4,1.0
W0017,Peliyagoda,Tech,2026,16,10.14,0.0,2026-04-13,1,4,1.0
W0018,Kandy,Fresh,2026,17,571.5,204.86,2026-04-20,0,6,1.5
W0019,Kandy,Style,2026,17,81.21,0.0,2026-04-20,0,6,1.5
W0020,Kandy,Tech,2026,17,29.6,0.0,2026-04-20,0,6,1.5
W0021,Peliyagoda,Fresh,2026,17,1062.38,384.19,2026-04-20,0,6,1.5
W0022,Peliyagoda,Style,2026,17,151.69,0.0,2026-04-20,0,6,1.5
W0023,Peliyagoda,Tech,2026,17,45.08,0.0,2026-04-20,0,6,1.5
W0024,Kandy,Fresh,2026,18,553.1,205.03,2026-04-27,1,5,4.0
W0025,Kandy,Style,2026,18,125.68,0.0,2026-04-27,1,5,4.0
W0026,Kandy,Tech,2026,18,30.06,0.0,2026-04-27,1,5,4.0
W0027,Peliyagoda,Fresh,2026,18,1010.92,389.39,2026-04-27,1,5,4.0
W0028,Peliyagoda,Style,2026,18,196.62,0.0,2026-04-27,1,5,4.0
W0029,Peliyagoda,Tech,2026,18,35.79,0.0,2026-04-27,1,5,4.0
W0030,Kandy,Fresh,2026,19,503.22,181.14,2026-05-04,0,6,0.0
W0031,Kandy,Style,2026,19,78.89,0.0,2026-05-04,0,6,0.0
W0032,Kandy,Tech,2026,19,18.66,0.0,2026-05-04,0,6,0.0
W0033,Peliyagoda,Fresh,2026,19,964.45,352.29,2026-05-04,0,6,0.0
W0034,Peliyagoda,Style,2026,19,140.05,0.0,2026-05-04,0,6,0.0
W0035,Peliyagoda,Tech,2026,19,28.7,0.0,2026-05-04,0,6,0.0
W0036,Kandy,Fresh,2026,20,496.47,186.95,2026-05-11,0,6,0.0
W0037,Kandy,Style,2026,20,76.06,0.0,2026-05-11,0,6,0.0
W0038,Kandy,Tech,2026,20,14.26,0.0,2026-05-11,0,6,0.0
W0039,Peliyagoda,Fresh,2026,20,939.45,357.76,2026-05-11,0,6,0.0
W0040,Peliyagoda,Style,2026,20,136.81,0.0,2026-05-11,0,6,0.0
W0041,Peliyagoda,Tech,2026,20,19.87,0.0,2026-05-11,0,6,0.0
W0042,Kandy,Fresh,2026,21,520.7,197.84,2026-05-18,0,6,1.0
W0043,Kandy,Style,2026,21,76.12,0.0,2026-05-18,0,6,1.0
W0044,Kandy,Tech,2026,21,22.07,0.0,2026-05-18,0,6,1.0
W0045,Peliyagoda,Fresh,2026,21,1001.66,380.77,2026-05-18,0,6,1.0
W0046,Peliyagoda,Style,2026,21,138.91,0.0,2026-05-18,0,6,1.0
W0047,Peliyagoda,Tech,2026,21,34.16,0.0,2026-05-18,0,6,1.0
W0048,Kandy,Fresh,2026,22,704.72,253.4,2026-05-25,1,6,4.5
W0049,Kandy,Style,2026,22,115.11,0.0,2026-05-25,1,6,4.5
W0050,Kandy,Tech,2026,22,22.13,0.0,2026-05-25,1,6,4.5
W0051,Peliyagoda,Fresh,2026,22,1321.07,479.21,2026-05-25,1,6,4.5
W0052,Peliyagoda,Style,2026,22,193.8,0.0,2026-05-25,1,6,4.5
W0053,Peliyagoda,Tech,2026,22,47.02,0.0,2026-05-25,1,6,4.5
W0054,Kandy,Fresh,2026,23,498.8,187.14,2026-06-01,0,6,0.0
W0055,Kandy,Style,2026,23,70.99,0.0,2026-06-01,0,6,0.0
W0056,Kandy,Tech,2026,23,14.01,0.0,2026-06-01,0,6,0.0
W0057,Peliyagoda,Fresh,2026,23,921.35,363.64,2026-06-01,0,6,0.0
W0058,Peliyagoda,Style,2026,23,128.9,0.0,2026-06-01,0,6,0.0
W0059,Peliyagoda,Tech,2026,23,26.93,0.0,2026-06-01,0,6,0.0
