series,depot,brand,iso_year,iso_week,t,total,chilled,week_start,festivals,op_days
Kandy Fresh,Kandy,Fresh,2024,1,0,462.279,165.348,2024-01-01,0,6
Kandy Fresh,Kandy,Fresh,2024,2,1,507.876,180.584,2024-01-08,0,6
Kandy Fresh,Kandy,Fresh,2024,3,2,460.351,162.967,2024-01-15,1,6
Kandy Fresh,Kandy,Fresh,2024,4,3,494.885,179.141,2024-01-22,0,6
Kandy Fresh,Kandy,Fresh,2024,5,4,457.753,166.444,2024-01-29,0,6
Kandy Fresh,Kandy,Fresh,2024,6,5,458.874,167.828,2024-02-05,0,6
Kandy Fresh,Kandy,Fresh,2024,7,6,454.719,162.966,2024-02-12,0,6
Kandy Fresh,Kandy,Fresh,2024,8,7,470.445,174.354,2024-02-19,0,6
Kandy Fresh,Kandy,Fresh,2024,9,8,492.682,180.879,2024-02-26,0,6
Kandy Fresh,Kandy,Fresh,2024,10,9,461.838,168.777,2024-03-04,0,6
Kandy Fresh,Kandy,Fresh,2024,11,10,439.928,161.694,2024-03-11,0,6
Kandy Fresh,Kandy,Fresh,2024,12,11,430.851,160.889,2024-03-18,0,6
Kandy Fresh,Kandy,Fresh,2024,13,12,498.996,186.798,2024-03-25,0,6
Kandy Fresh,Kandy,Fresh,2024,14,13,501.965,182.559,2024-04-01,0,6
Kandy Fresh,Kandy,Fresh,2024,15,14,584.595,214.607,2024-04-08,1,5
Kandy Fresh,Kandy,Fresh,2024,16,15,435.762,162.288,2024-04-15,0,6
Kandy Fresh,Kandy,Fresh,2024,17,16,487.768,182.359,2024-04-22,0,6
Kandy Fresh,Kandy,Fresh,2024,18,17,393.085,142.332,2024-04-29,0,5
Kandy Fresh,Kandy,Fresh,2024,19,18,458.464,173.927,2024-05-06,0,6
Kandy Fresh,Kandy,Fresh,2024,20,19,519.942,198.486,2024-05-13,0,6
Kandy Fresh,Kandy,Fresh,2024,21,20,546.367,203.745,2024-05-20,1,6
Kandy Fresh,Kandy,Fresh,2024,22,21,494.354,186.831,2024-05-27,0,6
Kandy Fresh,Kandy,Fresh,2024,23,22,447.08,168.008,2024-06-03,0,6
Kandy Fresh,Kandy,Fresh,2024,24,23,472.674,179.129,2024-06-10,0,6
Kandy Fresh,Kandy,Fresh,2024,25,24,532.529,201.895,2024-06-17,1,6
Kandy Fresh,Kandy,Fresh,2024,26,25,498.095,187.627,2024-06-24,0,6
Kandy Fresh,Kandy,Fresh,2024,27,26,464.478,170.353,2024-07-01,0,6
Kandy Fresh,Kandy,Fresh,2024,28,27,459.155,167.827,2024-07-08,0,6
Kandy Fresh,Kandy,Fresh,2024,29,28,478.287,178.532,2024-07-15,0,6
Kandy Fresh,Kandy,Fresh,2024,30,29,487.772,181.022,2024-07-22,0,6
Kandy Fresh,Kandy,Fresh,2024,31,30,508.805,186.28,2024-07-29,0,6
Kandy Fresh,Kandy,Fresh,2024,32,31,454.262,168.376,2024-08-05,0,6
Kandy Fresh,Kandy,Fresh,2024,33,32,533.393,195.671,2024-08-12,0,6
Kandy Fresh,Kandy,Fresh,2024,34,33,475.547,174.593,2024-08-19,1,6
Kandy Fresh,Kandy,Fresh,2024,35,34,483.117,176.147,2024-08-26,0,6
Kandy Fresh,Kandy,Fresh,2024,36,35,479.412,175.308,2024-09-02,0,6
Kandy Fresh,Kandy,Fresh,2024,37,36,453.85,160.111,2024-09-09,0,6
Kandy Fresh,Kandy,Fresh,2024,38,37,480.869,170.821,2024-09-16,0,6
Kandy Fresh,Kandy,Fresh,2024,39,38,486.707,174.449,2024-09-23,0,6
Kandy Fresh,Kandy,Fresh,2024,40,39,475.173,167.383,2024-09-30,0,6
Kandy Fresh,Kandy,Fresh,2024,41,40,463.257,168.321,2024-10-07,0,6
Kandy Fresh,Kandy,Fresh,2024,42,41,451.58,160.622,2024-10-14,0,6
Kandy Fresh,Kandy,Fresh,2024,43,42,528.184,187.333,2024-10-21,0,6
Kandy Fresh,Kandy,Fresh,2024,44,43,612.799,216.812,2024-10-28,1,6
Kandy Fresh,Kandy,Fresh,2024,45,44,471.542,166.292,2024-11-04,0,6
Kandy Fresh,Kandy,Fresh,2024,46,45,445.456,155.951,2024-11-11,0,6
Kandy Fresh,Kandy,Fresh,2024,47,46,457.951,163.445,2024-11-18,0,6
Kandy Fresh,Kandy,Fresh,2024,48,47,487.285,171.302,2024-11-25,0,6
Kandy Fresh,Kandy,Fresh,2024,49,48,469.733,163.693,2024-12-02,0,6
Kandy Fresh,Kandy,Fresh,2024,50,49,466.275,161.554,2024-12-09,0,6
Kandy Fresh,Kandy,Fresh,2024,51,50,580.212,204.023,2024-12-16,0,6
Kandy Fresh,Kandy,Fresh,2024,52,51,496.275,172.907,2024-12-23,1,5
Kandy Fresh,Kandy,Fresh,2025,1,52,499.932,174.222,2024-12-30,0,6
Kandy Fresh,Kandy,Fresh,2025,2,53,519.483,185.273,2025-01-06,0,6
Kandy Fresh,Kandy,Fresh,2025,3,54,504.437,180.809,2025-01-13,1,6
Kandy Fresh,Kandy,Fresh,2025,4,55,486.983,172.558,2025-01-20,0,6
Kandy Fresh,Kandy,Fresh,2025,5,56,533.048,189.247,2025-01-27,0,6
Kandy Fresh,Kandy,Fresh,2025,6,57,468.754,166.923,2025-02-03,0,6
Kandy Fresh,Kandy,Fresh,2025,7,58,489.665,174.496,2025-02-10,0,6
Kandy Fresh,Kandy,Fresh,2025,8,59,460.555,165.575,2025-02-17,0,6
Kandy Fresh,Kandy,Fresh,2025,9,60,538.955,196.39600000000002,2025-02-24,0,6
Kandy Fresh,Kandy,Fresh,2025,10,61,450.794,160.556,2025-03-03,0,6
Kandy Fresh,Kandy,Fresh,2025,11,62,466.229,169.914,2025-03-10,0,6
Kandy Fresh,Kandy,Fresh,2025,12,63,469.525,175.603,2025-03-17,0,6
Kandy Fresh,Kandy,Fresh,2025,13,64,518.294,192.459,2025-03-24,0,6
Kandy Fresh,Kandy,Fresh,2025,14,65,523.712,190.332,2025-03-31,0,6
Kandy Fresh,Kandy,Fresh,2025,15,66,696.796,260.229,2025-04-07,0,6
Kandy Fresh,Kandy,Fresh,2025,16,67,334.31,126.526,2025-04-14,1,4
Kandy Fresh,Kandy,Fresh,2025,17,68,516.234,193.809,2025-04-21,0,6
Kandy Fresh,Kandy,Fresh,2025,18,69,414.939,154.893,2025-04-28,0,5
Kandy Fresh,Kandy,Fresh,2025,19,70,580.027,215.257,2025-05-05,0,6
Kandy Fresh,Kandy,Fresh,2025,20,71,495.012,185.125,2025-05-12,1,6
Kandy Fresh,Kandy,Fresh,2025,21,72,479.029,179.849,2025-05-19,0,6
Kandy Fresh,Kandy,Fresh,2025,22,73,522.218,195.448,2025-05-26,0,6
Kandy Fresh,Kandy,Fresh,2025,23,74,537.292,201.934,2025-06-02,0,6
Kandy Fresh,Kandy,Fresh,2025,24,75,521.09,195.419,2025-06-09,1,6
Kandy Fresh,Kandy,Fresh,2025,25,76,484.513,183.52,2025-06-16,0,6
Kandy Fresh,Kandy,Fresh,2025,26,77,537.771,204.059,2025-06-23,0,6
Kandy Fresh,Kandy,Fresh,2025,27,78,540.371,203.409,2025-06-30,0,6
Kandy Fresh,Kandy,Fresh,2025,28,79,491.381,182.354,2025-07-07,0,6
Kandy Fresh,Kandy,Fresh,2025,29,80,490.793,180.926,2025-07-14,0,6
Kandy Fresh,Kandy,Fresh,2025,30,81,495.633,186.1,2025-07-21,0,6
Kandy Fresh,Kandy,Fresh,2025,31,82,548.664,199.178,2025-07-28,0,6
Kandy Fresh,Kandy,Fresh,2025,32,83,574.153,210.563,2025-08-04,1,6
Kandy Fresh,Kandy,Fresh,2025,33,84,488.303,183.214,2025-08-11,0,6
Kandy Fresh,Kandy,Fresh,2025,34,85,505.387,185.446,2025-08-18,0,6
Kandy Fresh,Kandy,Fresh,2025,35,86,551.834,203.017,2025-08-25,0,6
Kandy Fresh,Kandy,Fresh,2025,36,87,527.979,193.438,2025-09-01,0,6
Kandy Fresh,Kandy,Fresh,2025,37,88,498.602,184.229,2025-09-08,0,6
Kandy Fresh,Kandy,Fresh,2025,38,89,486.538,177.718,2025-09-15,0,6
Kandy Fresh,Kandy,Fresh,2025,39,90,519.39,185.779,2025-09-22,0,6
Kandy Fresh,Kandy,Fresh,2025,40,91,515.259,183.638,2025-09-29,0,6
Kandy Fresh,Kandy,Fresh,2025,41,92,470.876,167.716,2025-10-06,0,6
Kandy Fresh,Kandy,Fresh,2025,42,93,609.147,217.25,2025-10-13,0,6
Kandy Fresh,Kandy,Fresh,2025,43,94,530.712,191.273,2025-10-20,1,6
Kandy Fresh,Kandy,Fresh,2025,44,95,515.261,184.859,2025-10-27,0,6
Kandy Fresh,Kandy,Fresh,2025,45,96,505.273,177.902,2025-11-03,0,6
Kandy Fresh,Kandy,Fresh,2025,46,97,474.18,169.581,2025-11-10,0,6
Kandy Fresh,Kandy,Fresh,2025,47,98,480.723,167.352,2025-11-17,0,6
Kandy Fresh,Kandy,Fresh,2025,48,99,532.65,189.331,2025-11-24,0,6
Kandy Fresh,Kandy,Fresh,2025,49,100,507.206,176.407,2025-12-01,0,6
Kandy Fresh,Kandy,Fresh,2025,50,101,499.478,177.189,2025-12-08,0,6
Kandy Fresh,Kandy,Fresh,2025,51,102,577.203,206.535,2025-12-15,0,6
Kandy Fresh,Kandy,Fresh,2025,52,103,575.894,198.749,2025-12-22,1,5
Kandy Fresh,Kandy,Fresh,2026,1,104,545.655,189.835,2025-12-29,0,6
Kandy Fresh,Kandy,Fresh,2026,2,105,528.707,188.263,2026-01-05,0,6
Kandy Fresh,Kandy,Fresh,2026,3,106,573.763,202.728,2026-01-12,1,6
Kandy Fresh,Kandy,Fresh,2026,4,107,500.46,176.82,2026-01-19,0,6
Kandy Fresh,Kandy,Fresh,2026,5,108,531.308,190.202,2026-01-26,0,6
Kandy Fresh,Kandy,Fresh,2026,6,109,518.112,188.995,2026-02-02,0,6
Kandy Fresh,Kandy,Fresh,2026,7,110,513.852,183.847,2026-02-09,0,6
Kandy Fresh,Kandy,Fresh,2026,8,111,500.317,179.108,2026-02-16,0,6
Kandy Fresh,Kandy,Fresh,2026,9,112,559.382,198.545,2026-02-23,0,6
Kandy Fresh,Kandy,Fresh,2026,10,113,528.772,191.534,2026-03-02,0,6
Kandy Fresh,Kandy,Fresh,2026,11,114,506.724,183.421,2026-03-09,0,6
Kandy Fresh,Kandy,Fresh,2026,12,115,508.491,187.3,2026-03-16,0,6
Kandy Fresh,Kandy,Fresh,2026,13,116,536.544,196.184,2026-03-23,0,6
Kandy Style,Kandy,Style,2024,1,0,84.88,0.0,2024-01-01,0,6
Kandy Style,Kandy,Style,2024,2,1,87.026,0.0,2024-01-08,0,6
Kandy Style,Kandy,Style,2024,3,2,78.279,0.0,2024-01-15,1,6
Kandy Style,Kandy,Style,2024,4,3,80.523,0.0,2024-01-22,0,6
Kandy Style,Kandy,Style,2024,5,4,75.138,0.0,2024-01-29,0,6
Kandy Style,Kandy,Style,2024,6,5,82.54599999999999,0.0,2024-02-05,0,6
Kandy Style,Kandy,Style,2024,7,6,79.34899999999999,0.0,2024-02-12,0,6
Kandy Style,Kandy,Style,2024,8,7,84.795,0.0,2024-02-19,0,6
Kandy Style,Kandy,Style,2024,9,8,83.019,0.0,2024-02-26,0,6
Kandy Style,Kandy,Style,2024,10,9,109.859,0.0,2024-03-04,0,6
Kandy Style,Kandy,Style,2024,11,10,73.805,0.0,2024-03-11,0,6
Kandy Style,Kandy,Style,2024,12,11,64.065,0.0,2024-03-18,0,6
Kandy Style,Kandy,Style,2024,13,12,72.392,0.0,2024-03-25,0,6
Kandy Style,Kandy,Style,2024,14,13,79.254,0.0,2024-04-01,0,6
Kandy Style,Kandy,Style,2024,15,14,114.80199999999999,0.0,2024-04-08,1,5
Kandy Style,Kandy,Style,2024,16,15,76.568,0.0,2024-04-15,0,6
Kandy Style,Kandy,Style,2024,17,16,84.80199999999999,0.0,2024-04-22,0,6
Kandy Style,Kandy,Style,2024,18,17,59.467,0.0,2024-04-29,0,5
Kandy Style,Kandy,Style,2024,19,18,75.81700000000001,0.0,2024-05-06,0,6
Kandy Style,Kandy,Style,2024,20,19,78.481,0.0,2024-05-13,0,6
Kandy Style,Kandy,Style,2024,21,20,83.78999999999999,0.0,2024-05-20,1,6
Kandy Style,Kandy,Style,2024,22,21,74.58,0.0,2024-05-27,0,6
Kandy Style,Kandy,Style,2024,23,22,76.113,0.0,2024-06-03,0,6
Kandy Style,Kandy,Style,2024,24,23,75.467,0.0,2024-06-10,0,6
Kandy Style,Kandy,Style,2024,25,24,74.226,0.0,2024-06-17,1,6
Kandy Style,Kandy,Style,2024,26,25,70.17099999999999,0.0,2024-06-24,0,6
Kandy Style,Kandy,Style,2024,27,26,78.532,0.0,2024-07-01,0,6
Kandy Style,Kandy,Style,2024,28,27,70.354,0.0,2024-07-08,0,6
Kandy Style,Kandy,Style,2024,29,28,69.322,0.0,2024-07-15,0,6
Kandy Style,Kandy,Style,2024,30,29,65.665,0.0,2024-07-22,0,6
Kandy Style,Kandy,Style,2024,31,30,75.51,0.0,2024-07-29,0,6
Kandy Style,Kandy,Style,2024,32,31,108.218,0.0,2024-08-05,0,6
Kandy Style,Kandy,Style,2024,33,32,86.023,0.0,2024-08-12,0,6
Kandy Style,Kandy,Style,2024,34,33,77.749,0.0,2024-08-19,1,6
Kandy Style,Kandy,Style,2024,35,34,83.293,0.0,2024-08-26,0,6
Kandy Style,Kandy,Style,2024,36,35,77.631,0.0,2024-09-02,0,6
Kandy Style,Kandy,Style,2024,37,36,84.70400000000001,0.0,2024-09-09,0,6
Kandy Style,Kandy,Style,2024,38,37,67.538,0.0,2024-09-16,0,6
Kandy Style,Kandy,Style,2024,39,38,81.158,0.0,2024-09-23,0,6
Kandy Style,Kandy,Style,2024,40,39,81.768,0.0,2024-09-30,0,6
Kandy Style,Kandy,Style,2024,41,40,78.173,0.0,2024-10-07,0,6
Kandy Style,Kandy,Style,2024,42,41,74.268,0.0,2024-10-14,0,6
Kandy Style,Kandy,Style,2024,43,42,81.679,0.0,2024-10-21,0,6
Kandy Style,Kandy,Style,2024,44,43,127.024,0.0,2024-10-28,1,6
Kandy Style,Kandy,Style,2024,45,44,71.944,0.0,2024-11-04,0,6
Kandy Style,Kandy,Style,2024,46,45,67.964,0.0,2024-11-11,0,6
Kandy Style,Kandy,Style,2024,47,46,85.065,0.0,2024-11-18,0,6
Kandy Style,Kandy,Style,2024,48,47,70.721,0.0,2024-11-25,0,6
Kandy Style,Kandy,Style,2024,49,48,81.63499999999999,0.0,2024-12-02,0,6
Kandy Style,Kandy,Style,2024,50,49,79.336,0.0,2024-12-09,0,6
Kandy Style,Kandy,Style,2024,51,50,111.819,0.0,2024-12-16,0,6
Kandy Style,Kandy,Style,2024,52,51,79.28,0.0,2024-12-23,1,5
Kandy Style,Kandy,Style,2025,1,52,78.822,0.0,2024-12-30,0,6
Kandy Style,Kandy,Style,2025,2,53,96.135,0.0,2025-01-06,0,6
Kandy Style,Kandy,Style,2025,3,54,79.192,0.0,2025-01-13,1,6
Kandy Style,Kandy,Style,2025,4,55,79.282,0.0,2025-01-20,0,6
Kandy Style,Kandy,Style,2025,5,56,79.458,0.0,2025-01-27,0,6
Kandy Style,Kandy,Style,2025,6,57,79.749,0.0,2025-02-03,0,6
Kandy Style,Kandy,Style,2025,7,58,76.842,0.0,2025-02-10,0,6
Kandy Style,Kandy,Style,2025,8,59,80.729,0.0,2025-02-17,0,6
Kandy Style,Kandy,Style,2025,9,60,82.037,0.0,2025-02-24,0,6
Kandy Style,Kandy,Style,2025,10,61,109.995,0.0,2025-03-03,0,6
Kandy Style,Kandy,Style,2025,11,62,79.392,0.0,2025-03-10,0,6
Kandy Style,Kandy,Style,2025,12,63,73.523,0.0,2025-03-17,0,6
Kandy Style,Kandy,Style,2025,13,64,73.969,0.0,2025-03-24,0,6
Kandy Style,Kandy,Style,2025,14,65,84.663,0.0,2025-03-31,0,6
Kandy Style,Kandy,Style,2025,15,66,130.984,0.0,2025-04-07,0,6
Kandy Style,Kandy,Style,2025,16,67,39.885,0.0,2025-04-14,1,4
Kandy Style,Kandy,Style,2025,17,68,72.542,0.0,2025-04-21,0,6
Kandy Style,Kandy,Style,2025,18,69,41.644,0.0,2025-04-28,0,5
Kandy Style,Kandy,Style,2025,19,70,84.464,0.0,2025-05-05,0,6
Kandy Style,Kandy,Style,2025,20,71,78.438,0.0,2025-05-12,1,6
Kandy Style,Kandy,Style,2025,21,72,72.031,0.0,2025-05-19,0,6
Kandy Style,Kandy,Style,2025,22,73,91.227,0.0,2025-05-26,0,6
Kandy Style,Kandy,Style,2025,23,74,77.614,0.0,2025-06-02,0,6
Kandy Style,Kandy,Style,2025,24,75,75.285,0.0,2025-06-09,1,6
Kandy Style,Kandy,Style,2025,25,76,76.952,0.0,2025-06-16,0,6
Kandy Style,Kandy,Style,2025,26,77,77.103,0.0,2025-06-23,0,6
Kandy Style,Kandy,Style,2025,27,78,78.645,0.0,2025-06-30,0,6
Kandy Style,Kandy,Style,2025,28,79,72.349,0.0,2025-07-07,0,6
Kandy Style,Kandy,Style,2025,29,80,73.464,0.0,2025-07-14,0,6
Kandy Style,Kandy,Style,2025,30,81,68.18299999999999,0.0,2025-07-21,0,6
Kandy Style,Kandy,Style,2025,31,82,86.241,0.0,2025-07-28,0,6
Kandy Style,Kandy,Style,2025,32,83,143.816,0.0,2025-08-04,1,6
Kandy Style,Kandy,Style,2025,33,84,79.806,0.0,2025-08-11,0,6
Kandy Style,Kandy,Style,2025,34,85,85.40899999999999,0.0,2025-08-18,0,6
Kandy Style,Kandy,Style,2025,35,86,83.94800000000001,0.0,2025-08-25,0,6
Kandy Style,Kandy,Style,2025,36,87,84.07,0.0,2025-09-01,0,6
Kandy Style,Kandy,Style,2025,37,88,82.83699999999999,0.0,2025-09-08,0,6
Kandy Style,Kandy,Style,2025,38,89,76.473,0.0,2025-09-15,0,6
Kandy Style,Kandy,Style,2025,39,90,78.05199999999999,0.0,2025-09-22,0,6
Kandy Style,Kandy,Style,2025,40,91,75.611,0.0,2025-09-29,0,6
Kandy Style,Kandy,Style,2025,41,92,67.5,0.0,2025-10-06,0,6
Kandy Style,Kandy,Style,2025,42,93,99.287,0.0,2025-10-13,0,6
Kandy Style,Kandy,Style,2025,43,94,103.54400000000001,0.0,2025-10-20,1,6
Kandy Style,Kandy,Style,2025,44,95,85.298,0.0,2025-10-27,0,6
Kandy Style,Kandy,Style,2025,45,96,83.60900000000001,0.0,2025-11-03,0,6
Kandy Style,Kandy,Style,2025,46,97,75.426,0.0,2025-11-10,0,6
Kandy Style,Kandy,Style,2025,47,98,68.625,0.0,2025-11-17,0,6
Kandy Style,Kandy,Style,2025,48,99,74.275,0.0,2025-11-24,0,6
Kandy Style,Kandy,Style,2025,49,100,86.857,0.0,2025-12-01,0,6
Kandy Style,Kandy,Style,2025,50,101,84.936,0.0,2025-12-08,0,6
Kandy Style,Kandy,Style,2025,51,102,87.643,0.0,2025-12-15,0,6
Kandy Style,Kandy,Style,2025,52,103,82.595,0.0,2025-12-22,1,5
Kandy Style,Kandy,Style,2026,1,104,72.88199999999999,0.0,2025-12-29,0,6
Kandy Style,Kandy,Style,2026,2,105,72.687,0.0,2026-01-05,0,6
Kandy Style,Kandy,Style,2026,3,106,84.229,0.0,2026-01-12,1,6
Kandy Style,Kandy,Style,2026,4,107,72.492,0.0,2026-01-19,0,6
Kandy Style,Kandy,Style,2026,5,108,82.009,0.0,2026-01-26,0,6
Kandy Style,Kandy,Style,2026,6,109,72.101,0.0,2026-02-02,0,6
Kandy Style,Kandy,Style,2026,7,110,71.256,0.0,2026-02-09,0,6
Kandy Style,Kandy,Style,2026,8,111,74.383,0.0,2026-02-16,0,6
Kandy Style,Kandy,Style,2026,9,112,81.984,0.0,2026-02-23,0,6
Kandy Style,Kandy,Style,2026,10,113,120.196,0.0,2026-03-02,0,6
Kandy Style,Kandy,Style,2026,11,114,80.189,0.0,2026-03-09,0,6
Kandy Style,Kandy,Style,2026,12,115,75.376,0.0,2026-03-16,0,6
Kandy Style,Kandy,Style,2026,13,116,73.679,0.0,2026-03-23,0,6
Kandy Tech,Kandy,Tech,2024,1,0,22.303,0.0,2024-01-01,0,6
Kandy Tech,Kandy,Tech,2024,2,1,19.18,0.0,2024-01-08,0,6
Kandy Tech,Kandy,Tech,2024,3,2,17.942,0.0,2024-01-15,1,6
Kandy Tech,Kandy,Tech,2024,4,3,19.584,0.0,2024-01-22,0,6
Kandy Tech,Kandy,Tech,2024,5,4,20.645,0.0,2024-01-29,0,6
Kandy Tech,Kandy,Tech,2024,6,5,19.475,0.0,2024-02-05,0,6
Kandy Tech,Kandy,Tech,2024,7,6,24.845,0.0,2024-02-12,0,6
Kandy Tech,Kandy,Tech,2024,8,7,15.931,0.0,2024-02-19,0,6
Kandy Tech,Kandy,Tech,2024,9,8,25.406000000000002,0.0,2024-02-26,0,6
Kandy Tech,Kandy,Tech,2024,10,9,26.894000000000002,0.0,2024-03-04,0,6
Kandy Tech,Kandy,Tech,2024,11,10,21.692,0.0,2024-03-11,0,6
Kandy Tech,Kandy,Tech,2024,12,11,23.362000000000002,0.0,2024-03-18,0,6
Kandy Tech,Kandy,Tech,2024,13,12,22.451,0.0,2024-03-25,0,6
Kandy Tech,Kandy,Tech,2024,14,13,16.346,0.0,2024-04-01,0,6
Kandy Tech,Kandy,Tech,2024,15,14,14.524,0.0,2024-04-08,1,5
Kandy Tech,Kandy,Tech,2024,16,15,21.394,0.0,2024-04-15,0,6
Kandy Tech,Kandy,Tech,2024,17,16,28.63,0.0,2024-04-22,0,6
Kandy Tech,Kandy,Tech,2024,18,17,7.111,0.0,2024-04-29,0,5
Kandy Tech,Kandy,Tech,2024,19,18,12.084,0.0,2024-05-06,0,6
Kandy Tech,Kandy,Tech,2024,20,19,10.917,0.0,2024-05-13,0,6
Kandy Tech,Kandy,Tech,2024,21,20,9.923,0.0,2024-05-20,1,6
Kandy Tech,Kandy,Tech,2024,22,21,29.663,0.0,2024-05-27,0,6
Kandy Tech,Kandy,Tech,2024,23,22,22.709,0.0,2024-06-03,0,6
Kandy Tech,Kandy,Tech,2024,24,23,28.595,0.0,2024-06-10,0,6
Kandy Tech,Kandy,Tech,2024,25,24,7.373,0.0,2024-06-17,1,6
Kandy Tech,Kandy,Tech,2024,26,25,25.842,0.0,2024-06-24,0,6
Kandy Tech,Kandy,Tech,2024,27,26,29.878,0.0,2024-07-01,0,6
Kandy Tech,Kandy,Tech,2024,28,27,20.354,0.0,2024-07-08,0,6
Kandy Tech,Kandy,Tech,2024,29,28,13.505,0.0,2024-07-15,0,6
Kandy Tech,Kandy,Tech,2024,30,29,15.239,0.0,2024-07-22,0,6
Kandy Tech,Kandy,Tech,2024,31,30,33.648,0.0,2024-07-29,0,6
Kandy Tech,Kandy,Tech,2024,32,31,19.619999999999997,0.0,2024-08-05,0,6
Kandy Tech,Kandy,Tech,2024,33,32,8.055,0.0,2024-08-12,0,6
Kandy Tech,Kandy,Tech,2024,34,33,10.359,0.0,2024-08-19,1,6
Kandy Tech,Kandy,Tech,2024,35,34,9.974,0.0,2024-08-26,0,6
Kandy Tech,Kandy,Tech,2024,36,35,11.574,0.0,2024-09-02,0,6
Kandy Tech,Kandy,Tech,2024,37,36,20.564,0.0,2024-09-09,0,6
Kandy Tech,Kandy,Tech,2024,38,37,27.847,0.0,2024-09-16,0,6
Kandy Tech,Kandy,Tech,2024,39,38,41.152,0.0,2024-09-23,0,6
Kandy Tech,Kandy,Tech,2024,40,39,24.209,0.0,2024-09-30,0,6
Kandy Tech,Kandy,Tech,2024,41,40,33.548,0.0,2024-10-07,0,6
Kandy Tech,Kandy,Tech,2024,42,41,32.837,0.0,2024-10-14,0,6
Kandy Tech,Kandy,Tech,2024,43,42,38.684,0.0,2024-10-21,0,6
Kandy Tech,Kandy,Tech,2024,44,43,15.678,0.0,2024-10-28,1,6
Kandy Tech,Kandy,Tech,2024,45,44,22.901,0.0,2024-11-04,0,6
Kandy Tech,Kandy,Tech,2024,46,45,22.632,0.0,2024-11-11,0,6
Kandy Tech,Kandy,Tech,2024,47,46,14.145,0.0,2024-11-18,0,6
Kandy Tech,Kandy,Tech,2024,48,47,29.131,0.0,2024-11-25,0,6
Kandy Tech,Kandy,Tech,2024,49,48,15.065000000000001,0.0,2024-12-02,0,6
Kandy Tech,Kandy,Tech,2024,50,49,16.771,0.0,2024-12-09,0,6
Kandy Tech,Kandy,Tech,2024,51,50,35.327,0.0,2024-12-16,0,6
Kandy Tech,Kandy,Tech,2024,52,51,11.879,0.0,2024-12-23,1,5
Kandy Tech,Kandy,Tech,2025,1,52,16.166999999999998,0.0,2024-12-30,0,6
Kandy Tech,Kandy,Tech,2025,2,53,12.724,0.0,2025-01-06,0,6
Kandy Tech,Kandy,Tech,2025,3,54,9.365,0.0,2025-01-13,1,6
Kandy Tech,Kandy,Tech,2025,4,55,25.061999999999998,0.0,2025-01-20,0,6
Kandy Tech,Kandy,Tech,2025,5,56,15.076,0.0,2025-01-27,0,6
Kandy Tech,Kandy,Tech,2025,6,57,34.306,0.0,2025-02-03,0,6
Kandy Tech,Kandy,Tech,2025,7,58,18.863,0.0,2025-02-10,0,6
Kandy Tech,Kandy,Tech,2025,8,59,15.597000000000001,0.0,2025-02-17,0,6
Kandy Tech,Kandy,Tech,2025,9,60,25.546,0.0,2025-02-24,0,6
Kandy Tech,Kandy,Tech,2025,10,61,12.985,0.0,2025-03-03,0,6
Kandy Tech,Kandy,Tech,2025,11,62,7.436,0.0,2025-03-10,0,6
Kandy Tech,Kandy,Tech,2025,12,63,19.159999999999997,0.0,2025-03-17,0,6
Kandy Tech,Kandy,Tech,2025,13,64,23.675,0.0,2025-03-24,0,6
Kandy Tech,Kandy,Tech,2025,14,65,20.022,0.0,2025-03-31,0,6
Kandy Tech,Kandy,Tech,2025,15,66,32.41,0.0,2025-04-07,0,6
Kandy Tech,Kandy,Tech,2025,16,67,30.43,0.0,2025-04-14,1,4
Kandy Tech,Kandy,Tech,2025,17,68,18.203,0.0,2025-04-21,0,6
Kandy Tech,Kandy,Tech,2025,18,69,12.672,0.0,2025-04-28,0,5
Kandy Tech,Kandy,Tech,2025,19,70,19.412,0.0,2025-05-05,0,6
Kandy Tech,Kandy,Tech,2025,20,71,2.844,0.0,2025-05-12,1,6
Kandy Tech,Kandy,Tech,2025,21,72,23.32,0.0,2025-05-19,0,6
Kandy Tech,Kandy,Tech,2025,22,73,25.849,0.0,2025-05-26,0,6
Kandy Tech,Kandy,Tech,2025,23,74,15.581,0.0,2025-06-02,0,6
Kandy Tech,Kandy,Tech,2025,24,75,16.293,0.0,2025-06-09,1,6
Kandy Tech,Kandy,Tech,2025,25,76,9.824,0.0,2025-06-16,0,6
Kandy Tech,Kandy,Tech,2025,26,77,11.277000000000001,0.0,2025-06-23,0,6
Kandy Tech,Kandy,Tech,2025,27,78,34.016,0.0,2025-06-30,0,6
Kandy Tech,Kandy,Tech,2025,28,79,15.074,0.0,2025-07-07,0,6
Kandy Tech,Kandy,Tech,2025,29,80,24.132,0.0,2025-07-14,0,6
Kandy Tech,Kandy,Tech,2025,30,81,12.449,0.0,2025-07-21,0,6
Kandy Tech,Kandy,Tech,2025,31,82,25.380000000000003,0.0,2025-07-28,0,6
Kandy Tech,Kandy,Tech,2025,32,83,29.216,0.0,2025-08-04,1,6
Kandy Tech,Kandy,Tech,2025,33,84,22.979,0.0,2025-08-11,0,6
Kandy Tech,Kandy,Tech,2025,34,85,32.496,0.0,2025-08-18,0,6
Kandy Tech,Kandy,Tech,2025,35,86,22.906,0.0,2025-08-25,0,6
Kandy Tech,Kandy,Tech,2025,36,87,31.331,0.0,2025-09-01,0,6
Kandy Tech,Kandy,Tech,2025,37,88,14.948999999999998,0.0,2025-09-08,0,6
Kandy Tech,Kandy,Tech,2025,38,89,17.939,0.0,2025-09-15,0,6
Kandy Tech,Kandy,Tech,2025,39,90,30.413,0.0,2025-09-22,0,6
Kandy Tech,Kandy,Tech,2025,40,91,32.41,0.0,2025-09-29,0,6
Kandy Tech,Kandy,Tech,2025,41,92,19.755000000000003,0.0,2025-10-06,0,6
Kandy Tech,Kandy,Tech,2025,42,93,14.68,0.0,2025-10-13,0,6
Kandy Tech,Kandy,Tech,2025,43,94,14.385,0.0,2025-10-20,1,6
Kandy Tech,Kandy,Tech,2025,44,95,23.381,0.0,2025-10-27,0,6
Kandy Tech,Kandy,Tech,2025,45,96,20.288,0.0,2025-11-03,0,6
Kandy Tech,Kandy,Tech,2025,46,97,15.143,0.0,2025-11-10,0,6
Kandy Tech,Kandy,Tech,2025,47,98,19.228,0.0,2025-11-17,0,6
Kandy Tech,Kandy,Tech,2025,48,99,39.003,0.0,2025-11-24,0,6
Kandy Tech,Kandy,Tech,2025,49,100,11.042,0.0,2025-12-01,0,6
Kandy Tech,Kandy,Tech,2025,50,101,13.780999999999999,0.0,2025-12-08,0,6
Kandy Tech,Kandy,Tech,2025,51,102,32.617,0.0,2025-12-15,0,6
Kandy Tech,Kandy,Tech,2025,52,103,47.798,0.0,2025-12-22,1,5
Kandy Tech,Kandy,Tech,2026,1,104,37.369,0.0,2025-12-29,0,6
Kandy Tech,Kandy,Tech,2026,2,105,13.475000000000001,0.0,2026-01-05,0,6
Kandy Tech,Kandy,Tech,2026,3,106,40.309000000000005,0.0,2026-01-12,1,6
Kandy Tech,Kandy,Tech,2026,4,107,19.587,0.0,2026-01-19,0,6
Kandy Tech,Kandy,Tech,2026,5,108,24.692999999999998,0.0,2026-01-26,0,6
Kandy Tech,Kandy,Tech,2026,6,109,24.886,0.0,2026-02-02,0,6
Kandy Tech,Kandy,Tech,2026,7,110,20.875,0.0,2026-02-09,0,6
Kandy Tech,Kandy,Tech,2026,8,111,9.584,0.0,2026-02-16,0,6
Kandy Tech,Kandy,Tech,2026,9,112,24.588,0.0,2026-02-23,0,6
Kandy Tech,Kandy,Tech,2026,10,113,28.95,0.0,2026-03-02,0,6
Kandy Tech,Kandy,Tech,2026,11,114,21.330000000000002,0.0,2026-03-09,0,6
Kandy Tech,Kandy,Tech,2026,12,115,15.953,0.0,2026-03-16,0,6
Kandy Tech,Kandy,Tech,2026,13,116,17.815,0.0,2026-03-23,0,6
Peliyagoda Fresh,Peliyagoda,Fresh,2024,1,0,871.173,312.808,2024-01-01,0,6
Peliyagoda Fresh,Peliyagoda,Fresh,2024,2,1,965.657,348.554,2024-01-08,0,6
Peliyagoda Fresh,Peliyagoda,Fresh,2024,3,2,915.249,326.131,2024-01-15,1,6
Peliyagoda Fresh,Peliyagoda,Fresh,2024,4,3,933.043,342.51800000000003,2024-01-22,0,6
Peliyagoda Fresh,Peliyagoda,Fresh,2024,5,4,937.105,337.291,2024-01-29,0,6
Peliyagoda Fresh,Peliyagoda,Fresh,2024,6,5,868.097,321.246,2024-02-05,0,6
Peliyagoda Fresh,Peliyagoda,Fresh,2024,7,6,857.937,317.011,2024-02-12,0,6
Peliyagoda Fresh,Peliyagoda,Fresh,2024,8,7,852.97,315.051,2024-02-19,0,6
Peliyagoda Fresh,Peliyagoda,Fresh,2024,9,8,963.634,357.156,2024-02-26,0,6
Peliyagoda Fresh,Peliyagoda,Fresh,2024,10,9,857.586,317.335,2024-03-04,0,6
Peliyagoda Fresh,Peliyagoda,Fresh,2024,11,10,872.24,323.642,2024-03-11,0,6
Peliyagoda Fresh,Peliyagoda,Fresh,2024,12,11,841.093,306.84,2024-03-18,0,6
Peliyagoda Fresh,Peliyagoda,Fresh,2024,13,12,942.684,357.645,2024-03-25,0,6
Peliyagoda Fresh,Peliyagoda,Fresh,2024,14,13,942.062,357.987,2024-04-01,0,6
Peliyagoda Fresh,Peliyagoda,Fresh,2024,15,14,1117.572,417.317,2024-04-08,1,5
Peliyagoda Fresh,Peliyagoda,Fresh,2024,16,15,879.387,329.11,2024-04-15,0,6
Peliyagoda Fresh,Peliyagoda,Fresh,2024,17,16,938.569,348.914,2024-04-22,0,6
Peliyagoda Fresh,Peliyagoda,Fresh,2024,18,17,827.621,323.616,2024-04-29,0,5
Peliyagoda Fresh,Peliyagoda,Fresh,2024,19,18,844.845,323.469,2024-05-06,0,6
Peliyagoda Fresh,Peliyagoda,Fresh,2024,20,19,923.443,355.035,2024-05-13,0,6
Peliyagoda Fresh,Peliyagoda,Fresh,2024,21,20,1099.399,417.42,2024-05-20,1,6
Peliyagoda Fresh,Peliyagoda,Fresh,2024,22,21,941.301,355.788,2024-05-27,0,6
Peliyagoda Fresh,Peliyagoda,Fresh,2024,23,22,863.444,328.865,2024-06-03,0,6
Peliyagoda Fresh,Peliyagoda,Fresh,2024,24,23,885.001,341.083,2024-06-10,0,6
Peliyagoda Fresh,Peliyagoda,Fresh,2024,25,24,973.121,369.71,2024-06-17,1,6
Peliyagoda Fresh,Peliyagoda,Fresh,2024,26,25,979.028,373.373,2024-06-24,0,6
Peliyagoda Fresh,Peliyagoda,Fresh,2024,27,26,918.126,349.522,2024-07-01,0,6
Peliyagoda Fresh,Peliyagoda,Fresh,2024,28,27,882.899,333.239,2024-07-08,0,6
Peliyagoda Fresh,Peliyagoda,Fresh,2024,29,28,898.394,338.685,2024-07-15,0,6
Peliyagoda Fresh,Peliyagoda,Fresh,2024,30,29,994.571,371.083,2024-07-22,0,6
Peliyagoda Fresh,Peliyagoda,Fresh,2024,31,30,947.851,354.366,2024-07-29,0,6
Peliyagoda Fresh,Peliyagoda,Fresh,2024,32,31,893.033,330.349,2024-08-05,0,6
Peliyagoda Fresh,Peliyagoda,Fresh,2024,33,32,977.677,361.09,2024-08-12,0,6
Peliyagoda Fresh,Peliyagoda,Fresh,2024,34,33,976.756,361.337,2024-08-19,1,6
Peliyagoda Fresh,Peliyagoda,Fresh,2024,35,34,940.952,347.961,2024-08-26,0,6
Peliyagoda Fresh,Peliyagoda,Fresh,2024,36,35,909.047,332.171,2024-09-02,0,6
Peliyagoda Fresh,Peliyagoda,Fresh,2024,37,36,905.677,330.386,2024-09-09,0,6
Peliyagoda Fresh,Peliyagoda,Fresh,2024,38,37,896.023,322.323,2024-09-16,0,6
Peliyagoda Fresh,Peliyagoda,Fresh,2024,39,38,979.388,355.625,2024-09-23,0,6
Peliyagoda Fresh,Peliyagoda,Fresh,2024,40,39,890.943,323.995,2024-09-30,0,6
Peliyagoda Fresh,Peliyagoda,Fresh,2024,41,40,882.054,316.136,2024-10-07,0,6
Peliyagoda Fresh,Peliyagoda,Fresh,2024,42,41,873.479,313.292,2024-10-14,0,6
Peliyagoda Fresh,Peliyagoda,Fresh,2024,43,42,1025.033,362.65,2024-10-21,0,6
Peliyagoda Fresh,Peliyagoda,Fresh,2024,44,43,1128.62,407.382,2024-10-28,1,6
Peliyagoda Fresh,Peliyagoda,Fresh,2024,45,44,862.586,311.494,2024-11-04,0,6
Peliyagoda Fresh,Peliyagoda,Fresh,2024,46,45,847.445,301.939,2024-11-11,0,6
Peliyagoda Fresh,Peliyagoda,Fresh,2024,47,46,854.111,305.11,2024-11-18,0,6
Peliyagoda Fresh,Peliyagoda,Fresh,2024,48,47,967.478,348.15,2024-11-25,0,6
Peliyagoda Fresh,Peliyagoda,Fresh,2024,49,48,885.532,322.649,2024-12-02,0,6
Peliyagoda Fresh,Peliyagoda,Fresh,2024,50,49,883.999,318.196,2024-12-09,0,6
Peliyagoda Fresh,Peliyagoda,Fresh,2024,51,50,1097.389,397.956,2024-12-16,0,6
Peliyagoda Fresh,Peliyagoda,Fresh,2024,52,51,962.143,342.537,2024-12-23,1,5
Peliyagoda Fresh,Peliyagoda,Fresh,2025,1,52,961.606,344.724,2024-12-30,0,6
Peliyagoda Fresh,Peliyagoda,Fresh,2025,2,53,977.429,343.135,2025-01-06,0,6
Peliyagoda Fresh,Peliyagoda,Fresh,2025,3,54,947.212,344.179,2025-01-13,1,6
Peliyagoda Fresh,Peliyagoda,Fresh,2025,4,55,919.287,337.607,2025-01-20,0,6
Peliyagoda Fresh,Peliyagoda,Fresh,2025,5,56,1027.049,372.755,2025-01-27,0,6
Peliyagoda Fresh,Peliyagoda,Fresh,2025,6,57,883.837,319.153,2025-02-03,0,6
Peliyagoda Fresh,Peliyagoda,Fresh,2025,7,58,922.036,339.893,2025-02-10,0,6
Peliyagoda Fresh,Peliyagoda,Fresh,2025,8,59,893.532,332.3,2025-02-17,0,6
Peliyagoda Fresh,Peliyagoda,Fresh,2025,9,60,996.661,364.294,2025-02-24,0,6
Peliyagoda Fresh,Peliyagoda,Fresh,2025,10,61,901.454,333.368,2025-03-03,0,6
Peliyagoda Fresh,Peliyagoda,Fresh,2025,11,62,895.865,333.749,2025-03-10,0,6
Peliyagoda Fresh,Peliyagoda,Fresh,2025,12,63,937.63,351.276,2025-03-17,0,6
Peliyagoda Fresh,Peliyagoda,Fresh,2025,13,64,975.478,363.394,2025-03-24,0,6
Peliyagoda Fresh,Peliyagoda,Fresh,2025,14,65,1015.8,386.037,2025-03-31,0,6
Peliyagoda Fresh,Peliyagoda,Fresh,2025,15,66,1351.007,500.989,2025-04-07,0,6
Peliyagoda Fresh,Peliyagoda,Fresh,2025,16,67,623.49,231.204,2025-04-14,1,4
Peliyagoda Fresh,Peliyagoda,Fresh,2025,17,68,960.817,365.674,2025-04-21,0,6
Peliyagoda Fresh,Peliyagoda,Fresh,2025,18,69,810.853,308.58,2025-04-28,0,5
Peliyagoda Fresh,Peliyagoda,Fresh,2025,19,70,1054.27,399.922,2025-05-05,0,6
Peliyagoda Fresh,Peliyagoda,Fresh,2025,20,71,1004.64,381.185,2025-05-12,1,6
Peliyagoda Fresh,Peliyagoda,Fresh,2025,21,72,962.755,361.203,2025-05-19,0,6
Peliyagoda Fresh,Peliyagoda,Fresh,2025,22,73,983.7,374.60699999999997,2025-05-26,0,6
Peliyagoda Fresh,Peliyagoda,Fresh,2025,23,74,1023.616,392.072,2025-06-02,0,6
Peliyagoda Fresh,Peliyagoda,Fresh,2025,24,75,991.22,379.326,2025-06-09,1,6
Peliyagoda Fresh,Peliyagoda,Fresh,2025,25,76,911.051,344.585,2025-06-16,0,6
Peliyagoda Fresh,Peliyagoda,Fresh,2025,26,77,984.011,373.939,2025-06-23,0,6
Peliyagoda Fresh,Peliyagoda,Fresh,2025,27,78,990.385,374.044,2025-06-30,0,6
Peliyagoda Fresh,Peliyagoda,Fresh,2025,28,79,983.995,372.162,2025-07-07,0,6
Peliyagoda Fresh,Peliyagoda,Fresh,2025,29,80,945.887,359.777,2025-07-14,0,6
Peliyagoda Fresh,Peliyagoda,Fresh,2025,30,81,1007.589,379.026,2025-07-21,0,6
Peliyagoda Fresh,Peliyagoda,Fresh,2025,31,82,1067.456,396.443,2025-07-28,0,6
Peliyagoda Fresh,Peliyagoda,Fresh,2025,32,83,1123.94,416.667,2025-08-04,1,6
Peliyagoda Fresh,Peliyagoda,Fresh,2025,33,84,942.101,347.471,2025-08-11,0,6
Peliyagoda Fresh,Peliyagoda,Fresh,2025,34,85,920.649,340.632,2025-08-18,0,6
Peliyagoda Fresh,Peliyagoda,Fresh,2025,35,86,1003.767,371.182,2025-08-25,0,6
Peliyagoda Fresh,Peliyagoda,Fresh,2025,36,87,997.301,368.473,2025-09-01,0,6
Peliyagoda Fresh,Peliyagoda,Fresh,2025,37,88,943.533,349.977,2025-09-08,0,6
Peliyagoda Fresh,Peliyagoda,Fresh,2025,38,89,987.482,362.241,2025-09-15,0,6
Peliyagoda Fresh,Peliyagoda,Fresh,2025,39,90,979.899,356.606,2025-09-22,0,6
Peliyagoda Fresh,Peliyagoda,Fresh,2025,40,91,994.31,355.831,2025-09-29,0,6
Peliyagoda Fresh,Peliyagoda,Fresh,2025,41,92,925.154,339.706,2025-10-06,0,6
Peliyagoda Fresh,Peliyagoda,Fresh,2025,42,93,1145.737,409.769,2025-10-13,0,6
Peliyagoda Fresh,Peliyagoda,Fresh,2025,43,94,1007.491,365.248,2025-10-20,1,6
Peliyagoda Fresh,Peliyagoda,Fresh,2025,44,95,1005.19,356.784,2025-10-27,0,6
Peliyagoda Fresh,Peliyagoda,Fresh,2025,45,96,931.77,338.238,2025-11-03,0,6
Peliyagoda Fresh,Peliyagoda,Fresh,2025,46,97,929.883,337.537,2025-11-10,0,6
Peliyagoda Fresh,Peliyagoda,Fresh,2025,47,98,888.489,318.034,2025-11-17,0,6
Peliyagoda Fresh,Peliyagoda,Fresh,2025,48,99,1028.913,370.116,2025-11-24,0,6
Peliyagoda Fresh,Peliyagoda,Fresh,2025,49,100,935.664,332.135,2025-12-01,0,6
Peliyagoda Fresh,Peliyagoda,Fresh,2025,50,101,936.141,330.055,2025-12-08,0,6
Peliyagoda Fresh,Peliyagoda,Fresh,2025,51,102,1136.95,407.11899999999997,2025-12-15,0,6
Peliyagoda Fresh,Peliyagoda,Fresh,2025,52,103,1034.843,369.789,2025-12-22,1,5
Peliyagoda Fresh,Peliyagoda,Fresh,2026,1,104,1044.12,367.642,2025-12-29,0,6
Peliyagoda Fresh,Peliyagoda,Fresh,2026,2,105,1000.674,362.357,2026-01-05,0,6
Peliyagoda Fresh,Peliyagoda,Fresh,2026,3,106,1048.986,380.149,2026-01-12,1,6
Peliyagoda Fresh,Peliyagoda,Fresh,2026,4,107,974.392,350.363,2026-01-19,0,6
Peliyagoda Fresh,Peliyagoda,Fresh,2026,5,108,992.333,363.09499999999997,2026-01-26,0,6
Peliyagoda Fresh,Peliyagoda,Fresh,2026,6,109,1004.366,365.57,2026-02-02,0,6
Peliyagoda Fresh,Peliyagoda,Fresh,2026,7,110,952.143,344.882,2026-02-09,0,6
Peliyagoda Fresh,Peliyagoda,Fresh,2026,8,111,958.156,349.067,2026-02-16,0,6
Peliyagoda Fresh,Peliyagoda,Fresh,2026,9,112,1065.699,389.643,2026-02-23,0,6
Peliyagoda Fresh,Peliyagoda,Fresh,2026,10,113,935.179,331.389,2026-03-02,0,6
Peliyagoda Fresh,Peliyagoda,Fresh,2026,11,114,952.032,346.032,2026-03-09,0,6
Peliyagoda Fresh,Peliyagoda,Fresh,2026,12,115,946.877,349.308,2026-03-16,0,6
Peliyagoda Fresh,Peliyagoda,Fresh,2026,13,116,1068.488,392.887,2026-03-23,0,6
Peliyagoda Style,Peliyagoda,Style,2024,1,0,125.337,0.0,2024-01-01,0,6
Peliyagoda Style,Peliyagoda,Style,2024,2,1,140.942,0.0,2024-01-08,0,6
Peliyagoda Style,Peliyagoda,Style,2024,3,2,132.563,0.0,2024-01-15,1,6
Peliyagoda Style,Peliyagoda,Style,2024,4,3,161.26,0.0,2024-01-22,0,6
Peliyagoda Style,Peliyagoda,Style,2024,5,4,137.357,0.0,2024-01-29,0,6
Peliyagoda Style,Peliyagoda,Style,2024,6,5,132.647,0.0,2024-02-05,0,6
Peliyagoda Style,Peliyagoda,Style,2024,7,6,145.74,0.0,2024-02-12,0,6
Peliyagoda Style,Peliyagoda,Style,2024,8,7,125.787,0.0,2024-02-19,0,6
Peliyagoda Style,Peliyagoda,Style,2024,9,8,140.123,0.0,2024-02-26,0,6
Peliyagoda Style,Peliyagoda,Style,2024,10,9,194.48000000000002,0.0,2024-03-04,0,6
Peliyagoda Style,Peliyagoda,Style,2024,11,10,137.42000000000002,0.0,2024-03-11,0,6
Peliyagoda Style,Peliyagoda,Style,2024,12,11,108.094,0.0,2024-03-18,0,6
Peliyagoda Style,Peliyagoda,Style,2024,13,12,138.54,0.0,2024-03-25,0,6
Peliyagoda Style,Peliyagoda,Style,2024,14,13,144.299,0.0,2024-04-01,0,6
Peliyagoda Style,Peliyagoda,Style,2024,15,14,263.856,0.0,2024-04-08,1,5
Peliyagoda Style,Peliyagoda,Style,2024,16,15,122.03999999999999,0.0,2024-04-15,0,6
Peliyagoda Style,Peliyagoda,Style,2024,17,16,137.143,0.0,2024-04-22,0,6
Peliyagoda Style,Peliyagoda,Style,2024,18,17,106.71000000000001,0.0,2024-04-29,0,5
Peliyagoda Style,Peliyagoda,Style,2024,19,18,119.452,0.0,2024-05-06,0,6
Peliyagoda Style,Peliyagoda,Style,2024,20,19,135.173,0.0,2024-05-13,0,6
Peliyagoda Style,Peliyagoda,Style,2024,21,20,137.971,0.0,2024-05-20,1,6
Peliyagoda Style,Peliyagoda,Style,2024,22,21,135.277,0.0,2024-05-27,0,6
Peliyagoda Style,Peliyagoda,Style,2024,23,22,128.70499999999998,0.0,2024-06-03,0,6
Peliyagoda Style,Peliyagoda,Style,2024,24,23,138.606,0.0,2024-06-10,0,6
Peliyagoda Style,Peliyagoda,Style,2024,25,24,133.477,0.0,2024-06-17,1,6
Peliyagoda Style,Peliyagoda,Style,2024,26,25,123.652,0.0,2024-06-24,0,6
Peliyagoda Style,Peliyagoda,Style,2024,27,26,139.397,0.0,2024-07-01,0,6
Peliyagoda Style,Peliyagoda,Style,2024,28,27,135.974,0.0,2024-07-08,0,6
Peliyagoda Style,Peliyagoda,Style,2024,29,28,139.26,0.0,2024-07-15,0,6
Peliyagoda Style,Peliyagoda,Style,2024,30,29,146.143,0.0,2024-07-22,0,6
Peliyagoda Style,Peliyagoda,Style,2024,31,30,142.981,0.0,2024-07-29,0,6
Peliyagoda Style,Peliyagoda,Style,2024,32,31,215.18,0.0,2024-08-05,0,6
Peliyagoda Style,Peliyagoda,Style,2024,33,32,133.85,0.0,2024-08-12,0,6
Peliyagoda Style,Peliyagoda,Style,2024,34,33,134.9,0.0,2024-08-19,1,6
Peliyagoda Style,Peliyagoda,Style,2024,35,34,121.98700000000001,0.0,2024-08-26,0,6
Peliyagoda Style,Peliyagoda,Style,2024,36,35,139.022,0.0,2024-09-02,0,6
Peliyagoda Style,Peliyagoda,Style,2024,37,36,132.196,0.0,2024-09-09,0,6
Peliyagoda Style,Peliyagoda,Style,2024,38,37,116.075,0.0,2024-09-16,0,6
Peliyagoda Style,Peliyagoda,Style,2024,39,38,136.677,0.0,2024-09-23,0,6
Peliyagoda Style,Peliyagoda,Style,2024,40,39,124.864,0.0,2024-09-30,0,6
Peliyagoda Style,Peliyagoda,Style,2024,41,40,130.317,0.0,2024-10-07,0,6
Peliyagoda Style,Peliyagoda,Style,2024,42,41,128.323,0.0,2024-10-14,0,6
Peliyagoda Style,Peliyagoda,Style,2024,43,42,157.165,0.0,2024-10-21,0,6
Peliyagoda Style,Peliyagoda,Style,2024,44,43,187.34199999999998,0.0,2024-10-28,1,6
Peliyagoda Style,Peliyagoda,Style,2024,45,44,128.864,0.0,2024-11-04,0,6
Peliyagoda Style,Peliyagoda,Style,2024,46,45,122.821,0.0,2024-11-11,0,6
Peliyagoda Style,Peliyagoda,Style,2024,47,46,137.927,0.0,2024-11-18,0,6
Peliyagoda Style,Peliyagoda,Style,2024,48,47,137.104,0.0,2024-11-25,0,6
Peliyagoda Style,Peliyagoda,Style,2024,49,48,126.853,0.0,2024-12-02,0,6
Peliyagoda Style,Peliyagoda,Style,2024,50,49,140.052,0.0,2024-12-09,0,6
Peliyagoda Style,Peliyagoda,Style,2024,51,50,186.693,0.0,2024-12-16,0,6
Peliyagoda Style,Peliyagoda,Style,2024,52,51,136.969,0.0,2024-12-23,1,5
Peliyagoda Style,Peliyagoda,Style,2025,1,52,132.044,0.0,2024-12-30,0,6
Peliyagoda Style,Peliyagoda,Style,2025,2,53,139.346,0.0,2025-01-06,0,6
Peliyagoda Style,Peliyagoda,Style,2025,3,54,122.253,0.0,2025-01-13,1,6
Peliyagoda Style,Peliyagoda,Style,2025,4,55,125.26,0.0,2025-01-20,0,6
Peliyagoda Style,Peliyagoda,Style,2025,5,56,146.495,0.0,2025-01-27,0,6
Peliyagoda Style,Peliyagoda,Style,2025,6,57,129.405,0.0,2025-02-03,0,6
Peliyagoda Style,Peliyagoda,Style,2025,7,58,138.541,0.0,2025-02-10,0,6
Peliyagoda Style,Peliyagoda,Style,2025,8,59,135.42,0.0,2025-02-17,0,6
Peliyagoda Style,Peliyagoda,Style,2025,9,60,146.404,0.0,2025-02-24,0,6
Peliyagoda Style,Peliyagoda,Style,2025,10,61,196.168,0.0,2025-03-03,0,6
Peliyagoda Style,Peliyagoda,Style,2025,11,62,135.231,0.0,2025-03-10,0,6
Peliyagoda Style,Peliyagoda,Style,2025,12,63,120.327,0.0,2025-03-17,0,6
Peliyagoda Style,Peliyagoda,Style,2025,13,64,129.727,0.0,2025-03-24,0,6
Peliyagoda Style,Peliyagoda,Style,2025,14,65,134.31799999999998,0.0,2025-03-31,0,6
Peliyagoda Style,Peliyagoda,Style,2025,15,66,221.941,0.0,2025-04-07,0,6
Peliyagoda Style,Peliyagoda,Style,2025,16,67,114.877,0.0,2025-04-14,1,4
Peliyagoda Style,Peliyagoda,Style,2025,17,68,141.099,0.0,2025-04-21,0,6
Peliyagoda Style,Peliyagoda,Style,2025,18,69,96.838,0.0,2025-04-28,0,5
Peliyagoda Style,Peliyagoda,Style,2025,19,70,144.239,0.0,2025-05-05,0,6
Peliyagoda Style,Peliyagoda,Style,2025,20,71,134.872,0.0,2025-05-12,1,6
Peliyagoda Style,Peliyagoda,Style,2025,21,72,124.383,0.0,2025-05-19,0,6
Peliyagoda Style,Peliyagoda,Style,2025,22,73,137.923,0.0,2025-05-26,0,6
Peliyagoda Style,Peliyagoda,Style,2025,23,74,132.796,0.0,2025-06-02,0,6
Peliyagoda Style,Peliyagoda,Style,2025,24,75,120.824,0.0,2025-06-09,1,6
Peliyagoda Style,Peliyagoda,Style,2025,25,76,133.566,0.0,2025-06-16,0,6
Peliyagoda Style,Peliyagoda,Style,2025,26,77,148.828,0.0,2025-06-23,0,6
Peliyagoda Style,Peliyagoda,Style,2025,27,78,133.7,0.0,2025-06-30,0,6
Peliyagoda Style,Peliyagoda,Style,2025,28,79,155.399,0.0,2025-07-07,0,6
Peliyagoda Style,Peliyagoda,Style,2025,29,80,137.614,0.0,2025-07-14,0,6
Peliyagoda Style,Peliyagoda,Style,2025,30,81,138.077,0.0,2025-07-21,0,6
Peliyagoda Style,Peliyagoda,Style,2025,31,82,146.621,0.0,2025-07-28,0,6
Peliyagoda Style,Peliyagoda,Style,2025,32,83,221.395,0.0,2025-08-04,1,6
Peliyagoda Style,Peliyagoda,Style,2025,33,84,143.733,0.0,2025-08-11,0,6
Peliyagoda Style,Peliyagoda,Style,2025,34,85,127.938,0.0,2025-08-18,0,6
Peliyagoda Style,Peliyagoda,Style,2025,35,86,136.554,0.0,2025-08-25,0,6
Peliyagoda Style,Peliyagoda,Style,2025,36,87,142.03,0.0,2025-09-01,0,6
Peliyagoda Style,Peliyagoda,Style,2025,37,88,125.841,0.0,2025-09-08,0,6
Peliyagoda Style,Peliyagoda,Style,2025,38,89,137.315,0.0,2025-09-15,0,6
Peliyagoda Style,Peliyagoda,Style,2025,39,90,136.364,0.0,2025-09-22,0,6
Peliyagoda Style,Peliyagoda,Style,2025,40,91,132.78300000000002,0.0,2025-09-29,0,6
Peliyagoda Style,Peliyagoda,Style,2025,41,92,126.422,0.0,2025-10-06,0,6
Peliyagoda Style,Peliyagoda,Style,2025,42,93,199.394,0.0,2025-10-13,0,6
Peliyagoda Style,Peliyagoda,Style,2025,43,94,149.19400000000002,0.0,2025-10-20,1,6
Peliyagoda Style,Peliyagoda,Style,2025,44,95,139.88,0.0,2025-10-27,0,6
Peliyagoda Style,Peliyagoda,Style,2025,45,96,136.379,0.0,2025-11-03,0,6
Peliyagoda Style,Peliyagoda,Style,2025,46,97,144.898,0.0,2025-11-10,0,6
Peliyagoda Style,Peliyagoda,Style,2025,47,98,124.608,0.0,2025-11-17,0,6
Peliyagoda Style,Peliyagoda,Style,2025,48,99,139.269,0.0,2025-11-24,0,6
Peliyagoda Style,Peliyagoda,Style,2025,49,100,139.535,0.0,2025-12-01,0,6
Peliyagoda Style,Peliyagoda,Style,2025,50,101,134.582,0.0,2025-12-08,0,6
Peliyagoda Style,Peliyagoda,Style,2025,51,102,179.65800000000002,0.0,2025-12-15,0,6
Peliyagoda Style,Peliyagoda,Style,2025,52,103,136.706,0.0,2025-12-22,1,5
Peliyagoda Style,Peliyagoda,Style,2026,1,104,160.122,0.0,2025-12-29,0,6
Peliyagoda Style,Peliyagoda,Style,2026,2,105,146.404,0.0,2026-01-05,0,6
Peliyagoda Style,Peliyagoda,Style,2026,3,106,141.831,0.0,2026-01-12,1,6
Peliyagoda Style,Peliyagoda,Style,2026,4,107,139.635,0.0,2026-01-19,0,6
Peliyagoda Style,Peliyagoda,Style,2026,5,108,145.466,0.0,2026-01-26,0,6
Peliyagoda Style,Peliyagoda,Style,2026,6,109,132.225,0.0,2026-02-02,0,6
Peliyagoda Style,Peliyagoda,Style,2026,7,110,136.861,0.0,2026-02-09,0,6
Peliyagoda Style,Peliyagoda,Style,2026,8,111,135.623,0.0,2026-02-16,0,6
Peliyagoda Style,Peliyagoda,Style,2026,9,112,158.86599999999999,0.0,2026-02-23,0,6
Peliyagoda Style,Peliyagoda,Style,2026,10,113,195.47899999999998,0.0,2026-03-02,0,6
Peliyagoda Style,Peliyagoda,Style,2026,11,114,123.215,0.0,2026-03-09,0,6
Peliyagoda Style,Peliyagoda,Style,2026,12,115,140.429,0.0,2026-03-16,0,6
Peliyagoda Style,Peliyagoda,Style,2026,13,116,144.697,0.0,2026-03-23,0,6
Peliyagoda Tech,Peliyagoda,Tech,2024,1,0,26.183,0.0,2024-01-01,0,6
Peliyagoda Tech,Peliyagoda,Tech,2024,2,1,31.67,0.0,2024-01-08,0,6
Peliyagoda Tech,Peliyagoda,Tech,2024,3,2,30.866,0.0,2024-01-15,1,6
Peliyagoda Tech,Peliyagoda,Tech,2024,4,3,24.589,0.0,2024-01-22,0,6
Peliyagoda Tech,Peliyagoda,Tech,2024,5,4,26.791,0.0,2024-01-29,0,6
Peliyagoda Tech,Peliyagoda,Tech,2024,6,5,32.143,0.0,2024-02-05,0,6
Peliyagoda Tech,Peliyagoda,Tech,2024,7,6,16.877000000000002,0.0,2024-02-12,0,6
Peliyagoda Tech,Peliyagoda,Tech,2024,8,7,15.690999999999999,0.0,2024-02-19,0,6
Peliyagoda Tech,Peliyagoda,Tech,2024,9,8,27.233,0.0,2024-02-26,0,6
Peliyagoda Tech,Peliyagoda,Tech,2024,10,9,25.346,0.0,2024-03-04,0,6
Peliyagoda Tech,Peliyagoda,Tech,2024,11,10,23.456,0.0,2024-03-11,0,6
Peliyagoda Tech,Peliyagoda,Tech,2024,12,11,29.423000000000002,0.0,2024-03-18,0,6
Peliyagoda Tech,Peliyagoda,Tech,2024,13,12,45.648,0.0,2024-03-25,0,6
Peliyagoda Tech,Peliyagoda,Tech,2024,14,13,32.633,0.0,2024-04-01,0,6
Peliyagoda Tech,Peliyagoda,Tech,2024,15,14,38.801,0.0,2024-04-08,1,5
Peliyagoda Tech,Peliyagoda,Tech,2024,16,15,16.002,0.0,2024-04-15,0,6
Peliyagoda Tech,Peliyagoda,Tech,2024,17,16,33.58,0.0,2024-04-22,0,6
Peliyagoda Tech,Peliyagoda,Tech,2024,18,17,27.233,0.0,2024-04-29,0,5
Peliyagoda Tech,Peliyagoda,Tech,2024,19,18,27.988,0.0,2024-05-06,0,6
Peliyagoda Tech,Peliyagoda,Tech,2024,20,19,25.881,0.0,2024-05-13,0,6
Peliyagoda Tech,Peliyagoda,Tech,2024,21,20,25.234,0.0,2024-05-20,1,6
Peliyagoda Tech,Peliyagoda,Tech,2024,22,21,20.36,0.0,2024-05-27,0,6
Peliyagoda Tech,Peliyagoda,Tech,2024,23,22,21.062,0.0,2024-06-03,0,6
Peliyagoda Tech,Peliyagoda,Tech,2024,24,23,20.714,0.0,2024-06-10,0,6
Peliyagoda Tech,Peliyagoda,Tech,2024,25,24,15.604,0.0,2024-06-17,1,6
Peliyagoda Tech,Peliyagoda,Tech,2024,26,25,48.664,0.0,2024-06-24,0,6
Peliyagoda Tech,Peliyagoda,Tech,2024,27,26,24.161,0.0,2024-07-01,0,6
Peliyagoda Tech,Peliyagoda,Tech,2024,28,27,36.46,0.0,2024-07-08,0,6
Peliyagoda Tech,Peliyagoda,Tech,2024,29,28,30.673000000000002,0.0,2024-07-15,0,6
Peliyagoda Tech,Peliyagoda,Tech,2024,30,29,29.618,0.0,2024-07-22,0,6
Peliyagoda Tech,Peliyagoda,Tech,2024,31,30,28.061,0.0,2024-07-29,0,6
Peliyagoda Tech,Peliyagoda,Tech,2024,32,31,22.561,0.0,2024-08-05,0,6
Peliyagoda Tech,Peliyagoda,Tech,2024,33,32,30.964,0.0,2024-08-12,0,6
Peliyagoda Tech,Peliyagoda,Tech,2024,34,33,33.948,0.0,2024-08-19,1,6
Peliyagoda Tech,Peliyagoda,Tech,2024,35,34,39.061,0.0,2024-08-26,0,6
Peliyagoda Tech,Peliyagoda,Tech,2024,36,35,20.097,0.0,2024-09-02,0,6
Peliyagoda Tech,Peliyagoda,Tech,2024,37,36,29.756,0.0,2024-09-09,0,6
Peliyagoda Tech,Peliyagoda,Tech,2024,38,37,26.808,0.0,2024-09-16,0,6
Peliyagoda Tech,Peliyagoda,Tech,2024,39,38,22.389,0.0,2024-09-23,0,6
Peliyagoda Tech,Peliyagoda,Tech,2024,40,39,32.585,0.0,2024-09-30,0,6
Peliyagoda Tech,Peliyagoda,Tech,2024,41,40,38.448,0.0,2024-10-07,0,6
Peliyagoda Tech,Peliyagoda,Tech,2024,42,41,21.729,0.0,2024-10-14,0,6
Peliyagoda Tech,Peliyagoda,Tech,2024,43,42,34.948,0.0,2024-10-21,0,6
Peliyagoda Tech,Peliyagoda,Tech,2024,44,43,39.272,0.0,2024-10-28,1,6
Peliyagoda Tech,Peliyagoda,Tech,2024,45,44,29.38,0.0,2024-11-04,0,6
Peliyagoda Tech,Peliyagoda,Tech,2024,46,45,19.409,0.0,2024-11-11,0,6
Peliyagoda Tech,Peliyagoda,Tech,2024,47,46,31.814,0.0,2024-11-18,0,6
Peliyagoda Tech,Peliyagoda,Tech,2024,48,47,30.517,0.0,2024-11-25,0,6
Peliyagoda Tech,Peliyagoda,Tech,2024,49,48,20.797,0.0,2024-12-02,0,6
Peliyagoda Tech,Peliyagoda,Tech,2024,50,49,25.499,0.0,2024-12-09,0,6
Peliyagoda Tech,Peliyagoda,Tech,2024,51,50,38.503,0.0,2024-12-16,0,6
Peliyagoda Tech,Peliyagoda,Tech,2024,52,51,39.947,0.0,2024-12-23,1,5
Peliyagoda Tech,Peliyagoda,Tech,2025,1,52,26.781,0.0,2024-12-30,0,6
Peliyagoda Tech,Peliyagoda,Tech,2025,2,53,30.404,0.0,2025-01-06,0,6
Peliyagoda Tech,Peliyagoda,Tech,2025,3,54,37.446,0.0,2025-01-13,1,6
Peliyagoda Tech,Peliyagoda,Tech,2025,4,55,24.636,0.0,2025-01-20,0,6
Peliyagoda Tech,Peliyagoda,Tech,2025,5,56,40.38,0.0,2025-01-27,0,6
Peliyagoda Tech,Peliyagoda,Tech,2025,6,57,26.344,0.0,2025-02-03,0,6
Peliyagoda Tech,Peliyagoda,Tech,2025,7,58,28.002,0.0,2025-02-10,0,6
Peliyagoda Tech,Peliyagoda,Tech,2025,8,59,14.969,0.0,2025-02-17,0,6
Peliyagoda Tech,Peliyagoda,Tech,2025,9,60,29.38,0.0,2025-02-24,0,6
Peliyagoda Tech,Peliyagoda,Tech,2025,10,61,20.047,0.0,2025-03-03,0,6
Peliyagoda Tech,Peliyagoda,Tech,2025,11,62,16.117,0.0,2025-03-10,0,6
Peliyagoda Tech,Peliyagoda,Tech,2025,12,63,33.656,0.0,2025-03-17,0,6
Peliyagoda Tech,Peliyagoda,Tech,2025,13,64,18.143,0.0,2025-03-24,0,6
Peliyagoda Tech,Peliyagoda,Tech,2025,14,65,38.611,0.0,2025-03-31,0,6
Peliyagoda Tech,Peliyagoda,Tech,2025,15,66,32.427,0.0,2025-04-07,0,6
Peliyagoda Tech,Peliyagoda,Tech,2025,16,67,7.901,0.0,2025-04-14,1,4
Peliyagoda Tech,Peliyagoda,Tech,2025,17,68,44.057,0.0,2025-04-21,0,6
Peliyagoda Tech,Peliyagoda,Tech,2025,18,69,41.538,0.0,2025-04-28,0,5
Peliyagoda Tech,Peliyagoda,Tech,2025,19,70,24.77,0.0,2025-05-05,0,6
Peliyagoda Tech,Peliyagoda,Tech,2025,20,71,14.016,0.0,2025-05-12,1,6
Peliyagoda Tech,Peliyagoda,Tech,2025,21,72,18.684,0.0,2025-05-19,0,6
Peliyagoda Tech,Peliyagoda,Tech,2025,22,73,21.422,0.0,2025-05-26,0,6
Peliyagoda Tech,Peliyagoda,Tech,2025,23,74,40.636,0.0,2025-06-02,0,6
Peliyagoda Tech,Peliyagoda,Tech,2025,24,75,32.014,0.0,2025-06-09,1,6
Peliyagoda Tech,Peliyagoda,Tech,2025,25,76,23.391,0.0,2025-06-16,0,6
Peliyagoda Tech,Peliyagoda,Tech,2025,26,77,31.323,0.0,2025-06-23,0,6
Peliyagoda Tech,Peliyagoda,Tech,2025,27,78,11.306,0.0,2025-06-30,0,6
Peliyagoda Tech,Peliyagoda,Tech,2025,28,79,43.397,0.0,2025-07-07,0,6
Peliyagoda Tech,Peliyagoda,Tech,2025,29,80,27.737,0.0,2025-07-14,0,6
Peliyagoda Tech,Peliyagoda,Tech,2025,30,81,37.789,0.0,2025-07-21,0,6
Peliyagoda Tech,Peliyagoda,Tech,2025,31,82,44.082,0.0,2025-07-28,0,6
Peliyagoda Tech,Peliyagoda,Tech,2025,32,83,40.048,0.0,2025-08-04,1,6
Peliyagoda Tech,Peliyagoda,Tech,2025,33,84,24.973,0.0,2025-08-11,0,6
Peliyagoda Tech,Peliyagoda,Tech,2025,34,85,20.649,0.0,2025-08-18,0,6
Peliyagoda Tech,Peliyagoda,Tech,2025,35,86,40.229,0.0,2025-08-25,0,6
Peliyagoda Tech,Peliyagoda,Tech,2025,36,87,16.038,0.0,2025-09-01,0,6
Peliyagoda Tech,Peliyagoda,Tech,2025,37,88,23.003,0.0,2025-09-08,0,6
Peliyagoda Tech,Peliyagoda,Tech,2025,38,89,38.756,0.0,2025-09-15,0,6
Peliyagoda Tech,Peliyagoda,Tech,2025,39,90,14.959,0.0,2025-09-22,0,6
Peliyagoda Tech,Peliyagoda,Tech,2025,40,91,37.007,0.0,2025-09-29,0,6
Peliyagoda Tech,Peliyagoda,Tech,2025,41,92,34.512,0.0,2025-10-06,0,6
Peliyagoda Tech,Peliyagoda,Tech,2025,42,93,35.475,0.0,2025-10-13,0,6
Peliyagoda Tech,Peliyagoda,Tech,2025,43,94,33.684,0.0,2025-10-20,1,6
Peliyagoda Tech,Peliyagoda,Tech,2025,44,95,22.358,0.0,2025-10-27,0,6
Peliyagoda Tech,Peliyagoda,Tech,2025,45,96,22.1,0.0,2025-11-03,0,6
Peliyagoda Tech,Peliyagoda,Tech,2025,46,97,33.643,0.0,2025-11-10,0,6
Peliyagoda Tech,Peliyagoda,Tech,2025,47,98,27.227999999999998,0.0,2025-11-17,0,6
Peliyagoda Tech,Peliyagoda,Tech,2025,48,99,36.29,0.0,2025-11-24,0,6
Peliyagoda Tech,Peliyagoda,Tech,2025,49,100,38.16,0.0,2025-12-01,0,6
Peliyagoda Tech,Peliyagoda,Tech,2025,50,101,47.995999999999995,0.0,2025-12-08,0,6
Peliyagoda Tech,Peliyagoda,Tech,2025,51,102,45.478,0.0,2025-12-15,0,6
Peliyagoda Tech,Peliyagoda,Tech,2025,52,103,39.133,0.0,2025-12-22,1,5
Peliyagoda Tech,Peliyagoda,Tech,2026,1,104,31.409,0.0,2025-12-29,0,6
Peliyagoda Tech,Peliyagoda,Tech,2026,2,105,35.666,0.0,2026-01-05,0,6
Peliyagoda Tech,Peliyagoda,Tech,2026,3,106,29.718,0.0,2026-01-12,1,6
Peliyagoda Tech,Peliyagoda,Tech,2026,4,107,36.149,0.0,2026-01-19,0,6
Peliyagoda Tech,Peliyagoda,Tech,2026,5,108,40.281,0.0,2026-01-26,0,6
Peliyagoda Tech,Peliyagoda,Tech,2026,6,109,56.524,0.0,2026-02-02,0,6
Peliyagoda Tech,Peliyagoda,Tech,2026,7,110,35.417,0.0,2026-02-09,0,6
Peliyagoda Tech,Peliyagoda,Tech,2026,8,111,23.253,0.0,2026-02-16,0,6
Peliyagoda Tech,Peliyagoda,Tech,2026,9,112,40.091,0.0,2026-02-23,0,6
Peliyagoda Tech,Peliyagoda,Tech,2026,10,113,22.986,0.0,2026-03-02,0,6
Peliyagoda Tech,Peliyagoda,Tech,2026,11,114,21.29,0.0,2026-03-09,0,6
Peliyagoda Tech,Peliyagoda,Tech,2026,12,115,33.188,0.0,2026-03-16,0,6
Peliyagoda Tech,Peliyagoda,Tech,2026,13,116,37.519,0.0,2026-03-23,0,6
